id, x, y, z, vx, vy, vz, normv
   1,   15.70440,   15.49999,   15.49999,   8.399131e-05,  -4.394164e-09,  -4.394164e-09,   8.399131e-05
