id, x, y, z, vx, vy, vz, normv
   1,   15.64139,   15.49999,   15.49999,   8.402707e-05,  -2.665392e-09,  -2.665392e-09,   8.402707e-05
