id, x, y, z, vx, vy, vz, normv
   1,   15.59936,   15.50000,   15.50000,   8.405788e-05,  -1.012636e-08,  -1.012636e-08,   8.405788e-05
