id, x, y, z, vx, vy, vz, normv
   1,   15.51539,   15.50000,   15.50000,   8.258242e-05,   2.084648e-09,   2.084648e-09,   8.258242e-05
