id, x, y, z, vx, vy, vz, normv
   1,   15.55733,   15.50000,   15.50000,   8.405753e-05,  -3.985592e-09,  -3.985592e-09,   8.405753e-05
