id, x, y, z, vx, vy, vz, normv
   1,   15.68340,   15.49999,   15.49999,   8.399588e-05,  -1.485338e-09,  -1.485338e-09,   8.399588e-05
