id, x, y, z, vx, vy, vz, normv
   1,   15.66240,   15.49999,   15.49999,   8.402518e-05,  -5.615666e-09,  -5.615666e-09,   8.402518e-05
