id, x, y, z, vx, vy, vz, normv
   1,   15.53632,   15.50000,   15.50000,   8.403511e-05,  -9.151244e-10,  -9.151244e-10,   8.403511e-05
