id, x, y, z, vx, vy, vz, normv
   1,   15.57835,   15.50000,   15.50000,   8.405788e-05,  -7.055987e-09,  -7.055987e-09,   8.405788e-05
