id, x, y, z, vx, vy, vz, normv
   1,   15.62038,   15.49999,   15.49999,   8.405788e-05,  -1.319673e-08,  -1.319673e-08,   8.405788e-05
